"SKU","Nama Produk","Kategori","Harga Beli","Harga Jual","Stok","Stok Minimum","Status"
"SKU-001","Beras Premium 5kg","Sembako","58000","65000","46","10","Tersedia"
"SKU-010","Beras Wangi 5kg","Sembako","70000","79500","29","6","Tersedia"
"SKU-005","Coca Cola 390ml","Minuman","3800","5500","87","18","Tersedia"
"SKU-003","Gula Pasir 1kg","Sembako","14000","16500","60","12","Tersedia"
"SKU-006","Indomie Goreng","Makanan","2800","3500","5","20","Stok Rendah"
"SKU-002","Minyak Goreng 1L","Sembako","16000","18500","78","15","Tersedia"
"SKU-007","Roti Tawar","Makanan","12000","16000","24","5","Tersedia"
"SKU-009","Teh Botol 500ml","Minuman","4000","5500","99","15","Tersedia"
"SKU-004","Teh Botol Sosro","Minuman","3500","5000","119","20","Tersedia"
"SKU-008","Tepung Terigu 1kg","Sembako","9000","11500","3","8","Stok Rendah"